epoch,accuracy,learning_rate,loss,precision,roc_auc,sensitivity,val_accuracy,val_loss,val_precision,val_roc_auc,val_sensitivity
0,0.5272727012634277,0.0010000000474974513,0.7207179665565491,0.6000000238418579,0.5388034582138062,0.6000000238418579,0.6000000238418579,0.6446729302406311,0.6428571343421936,0.6599999666213989,0.8999999761581421
1,0.6818181872367859,0.0010000000474974513,0.6347879767417908,0.6875,0.6868376135826111,0.8461538553237915,0.5333333611488342,0.7067772150039673,0.800000011920929,0.6600000262260437,0.4000000059604645
2,0.6909090876579285,0.0010000000474974513,0.5753023624420166,0.7183098793029785,0.7839316129684448,0.7846153974533081,0.6666666865348816,0.6334766149520874,0.7777777910232544,0.7499999403953552,0.699999988079071
3,0.7272727489471436,0.0010000000474974513,0.5297757387161255,0.7536231875419617,0.8220512866973877,0.800000011920929,0.6000000238418579,0.6579866409301758,0.699999988079071,0.60999995470047,0.699999988079071
4,0.8363636136054993,0.0010000000474974513,0.4423605799674988,0.790123462677002,0.9415384531021118,0.9846153855323792,0.5333333611488342,0.6721857786178589,0.6666666865348816,0.6299999952316284,0.6000000238418579
5,0.8636363744735718,0.0010000000474974513,0.42690467834472656,0.8676470518112183,0.9179487228393555,0.9076923131942749,0.6666666865348816,0.6487229466438293,0.7272727489471436,0.6200000047683716,0.800000011920929
6,0.8545454740524292,0.00020000000949949026,0.39651814103126526,0.8888888955116272,0.9295727014541626,0.8615384697914124,0.6000000238418579,0.6635004878044128,0.699999988079071,0.6000000238418579,0.699999988079071
7,0.8727272748947144,0.00020000000949949026,0.3913344740867615,0.892307698726654,0.9382905960083008,0.892307698726654,0.6000000238418579,0.6667349338531494,0.75,0.6000000238418579,0.6000000238418579
8,0.8454545736312866,0.00020000000949949026,0.4092552065849304,0.8636363744735718,0.9271794557571411,0.8769230842590332,0.6666666865348816,0.667688250541687,0.7777777910232544,0.6100000143051147,0.699999988079071
